Pcdh	chr5	140419790	+	chr5	140421062	+
PAMI	chr11	4203125	+	chr11	4209402	+
PAMII	chr2	176951136	+	chr2	176962492	+
PAMIII	chr11	5145474	+	chr11	5226197	+
PAMIV	chr11	5145474	-	chr11	4209402	-
Beta-globin	chr11	4093764	+	chr11	4094473	+
1.16-kb	chr2	234388615	+	chr2	234389780	+
53.1-kb	chr7	27185707	-	chr7	27132586	-
107-kb	chr7	27240363	-	chr7	27132586	-
108-kb	chr11	4203125	-	chr11	4094473	-
115-kb	chr11	4093764	+	chr11	4209402	+
1.13-MB	chr11	4093764	+	chr11	5226197	+
CTCF	chr16	67662396	-	chr16	67660613	-
RAD21	chr8	117864323	+	chr8	117878874	+
RPA1	chr17	1779047	+	chr17	1787165	+
ZNF143	chr11	9492946	+	chr11	9499948	+
2.39-Kb	chr11	50778830	+	chr11	50781201	+
4.15-Kb	chr11	50778830	+	chr11	50782986	+
54.6-Kb	chr7	27240363	-	chr7	27185707	-
1.05-Mb	chr11	5145474	-	chr11	4094473	-
